{
 "actions": [],
 "creation": "2014-08-29 16:02:39.740505",
 "doctype": "DocType",
 "editable_grid": 1,
 "field_order": [
  "company",
  "account"
 ],
 "fields": [
  {
   "fieldname": "company",
   "fieldtype": "Link",
   "in_list_view": 1,
   "label": "Company",
   "options": "Company",
   "reqd": 1
  },
  {
   "fieldname": "account",
   "fieldtype": "Link",
   "in_list_view": 1,
   "label": "Account",
   "options": "Account"
  }
 ],
 "index_web_pages_for_search": 1,
 "istable": 1,
 "links": [],
 "modified": "2021-04-07 18:13:08.833822",
 "modified_by": "Administrator",
 "module": "Accounts",
 "name": "Party Account",
 "owner": "Administrator",
 "permissions": [],
 "quick_entry": 1,
 "sort_field": "modified",
 "sort_order": "DESC"
}